name,age,dni,source,tags,phone,external_id
"Shell Idou",23,45691912254,manual-registration,actionpending|remove_of_source|contactcenter_region4,"+54 2 79 2274 5904",39476
" Sonny",59,62094536443,"Email response",any_applicant|any_applicant,"+54 1 73-6529 4104",51715
"Beverie P.",81,19988966982,"Facebook Leads",case1|on_consideration,"+54 5 33 5876 29892",81973
"Carmel Pritchett",58,25690837444,"facebok Leads",contactcenter_region4,"+54 2 76-2417 5665",95511
" F. Briscoe",119,52416602737,"facebook leads",contactondemand|any_applicant,"+54 3-64 2632 28217",32769
"Lotta Mas",15,36398160827,"google form",contactcenter_region4|contactcenter_region4,"+54 4 95 5095 7159",79144
"Mildred Maryly",96,24697838675,"Facebook Leads",case1,"+54 6 13-7353 54544",32725
"Lusa Janith",5,97933381661,"facebook leads",case1|source_dependant,"2 73 5557-15499",13562
"Arabella Verina",19,782709618120,"Google forms",possible_buyer,"5 55 1334 8288",56245
" Couture",60,93136537663,"Google forms",remove_of_source|remove_of_source23,"+54 5 66-1054 1008",80800
Phyllys,82,43313287178,"Google forms",contactondemand|form_ui344|any_applicant,"5 89 2968 1259",18090
"Willa Lacombe",2,24823486013,"Google forms",case1|call_again30|call_again,"5 43 9463-83698",56119
" Denbrook",74,65129502244,"google Forms",treaty|most_interested,"6-51-1023 6355",63880
"Eddy M. August",66,20425974716,"facebok Leads",techsource_29,"4 44-7899-6341",27266
Zarla,73,41998156309,"Email RESPONSE",source_dependant17,"1 15-1413 5089",47160
"Maire D. Merat",37,78289997635,"Manual registration",most_interested|contactondemand,"2 10 5653 24597",14207
" N. Ellita",105,80100620500,"Email response",contactcenter_region3|client_only9|any_applicant26,"3 72-3353 5155",19404
"Orelie Zsazsa",106,50224436151,manual-registration,case1|treaty26|contactcenter_region1,"1 77 7454 8859",84491
" Rodmun",40,22963336808,"Email response",least_interested10|any_applicant,"4 71 4300-2947",31230
"Glen Bette-Ann",120,27746585105,"facebook leads",contactcenter_region4|any_applicant|case121,"9 44-8831 3219",69954
"Starlin Mohandas",71,55753061945,manual-registration,on_consideration|techsource_29,"3 11-6270 1870",61830
Dana,24,44264899849,"Manual registration",most_interested10,"+54 8 57-7055 1194",87489
"Ebony A. Prasad",41,37355211738,"google form",apply_0_cases8|source_dependant16|apply_0_cases22,"+54 5-83 6579 6922",81443
"Cassy J. Plafker",67,5523892527,"Manual registration",actionable|apply_0_cases,"9 99-4025 1964",27906
"Carena G. Carbo",76,52949328006,"google form",call_again|contactcenter_region4|contactcenter_region3,"+54 9 22 7315 7975",65876
"Harri D. Ailee",9,88064664083,"facebok Leads",case1|case1,"9 60 3924-4136",49094
"Truda Mount",98,38533697451,"facebok Leads",least_interested19|form_ui34415,"3 77 3261 5129",38984
"Jessie A. Arick",102,1382693786,"Facebook Leads",actionable|contactcenter_region229,"+54 3 91-7548 1206",71604
"Melloney R. Eddie",124,5777295456643,"google Forms",never_call|techsource_29|most_interested,"1-83-6297 4203",35293
Merci,71,51178058468,"MANUAL REGistration",never_call,"7 32-6116-9677",34325
"Lurline W. Toby",110,46455584460,"google form",most_interested,"8 37 7471 7050",38950
"Julia L. Prospero",94,42514634807,"Google forms",rangeof_action26|contactcenter_region2,"+54 5 47 2960 35399",58272
"Sharon Colvert",65,2039036823,"Facebook Leads",contactcenter_region48,"+54 3 13 4851 1755",70465
"Jasmina L. Jehias",80,820816420,"facebook leads",treaty,"9 42 5500 6990",80577
"Vitoria Ellerey",66,44495192587,manual-registration,contactondemand|techsource_296|contactcenter_region29,"1 73 7849 1695",15434
Sabrina,53,54101338169,"Email response",contactcenter_region426|least_interested,"7 70-9551-5932",89629
"Cecile A. Charleton",33,52121627031,"google form",contactcenter_region2,"1-12 7739 7230",87094
"Eleanore I.",76,48935693511,"MANUAL REGistration",least_interested,"4 27 5525-2649",25670
" T. Rudin",24,57717734623,"facebook leads",most_interested|special|limit,"2 49 1639 7760",89702
" Adriana",39,19918251718,"Email response",techsource_29,"+54 9 76 9591 8367",93953
"Cristie Besnard",112,70388771888,"google form",never_call,"2 93 7949 2611",20471
"Drusi Vivi",118,63501316609,"Email RESPONSE",rangeof_action|limit|least_interested,"+54 3 17 2257 60514",96345
"Miof Mela Reeve",116,89483518172,"Email RESPONSE",contactcenter_region2|call_again,"5 99 3771 7140",88676
"Angelina Hanford",46,57939157396,"facebok Leads",rangeof_action|possible_buyer5,"+54 5 17 2427-1898",51335
"Geralda Supple",117,73180855181,"google form",possible_buyer|actionable5,"1-80 2760 4731",65418
"Dacie Ranzini",84,31836740824,"google form",contactcenter_region2,"4-67 3251-25368",62288
" V. Keily",97,72332247975,"Facebook Leads",actionable29|special,"8 13 1948 9355",75009
"Farah B. Gapin",74,83465695163,manual-registration,client_only,"9 17-2719 7542",55557
"Kathryn R. Wyck",86,77273493838,"Manual registration",least_interested,"+54 6 44 4468 82758",74094
"Vere Driskill",83,6749202094804,"Facebook Leads",most_interested|contactondemand17|least_interested,"+54 2 24-5319-7763",89598
"Lydie Feldt",120,16187985533,manual-registration,never_call|case1|techsource_29,"5 69 1010 4049",21338
"Sabrina Tobie",108,73129211117,"Facebook Leads",contactcenter_region313,"2 21 8908-29594",98499
"Ann-Marie Efren",81,19019176173,"facebook leads",call_again,"6 36 4471 7239",55814
"Joceline Trust",112,35049963566,"Manual registration",remove_of_source|limit|least_interested26,"+54 1 96-5503 80757",85235
" R. Hewes",98,26514887475,"Email response",actionpending,"2 79 4621 6312",40553
"Rhona J.",93,64557432455,"Email responce",possible_buyer|case16|never_call,"+54 8-96-5696 6193",45335
"Madalyn Tremann",19,6253360086017,"google Forms",rangeof_action|case1|form_ui34428,"+54 8 85 5189-9552",24910
" Khorma",1,54265759941,"Manual registration",source_dependant23|source_dependant,"3-75 2036 84661",57035
"Ola Hedvah",89,79585015080,"Google forms",contactcenter_region326|contactcenter_region217,"+54 1 96 3966 98431",85539
" B. Opal",43,2553991860095,"Google forms",treaty,"5 33 5933 7745",69552
Janka,82,61390718640,"Manual registration",contactcenter_region3,"7 54-9257 1985",32173
"Caty O. Chapen",22,3751603550,"Email RESPONSE",apply_0_cases25|apply_0_cases10|call_again,"9 61 1006 1434",51479
"Joelie S. Shulman",0,57220046397,"Email RESPONSE",treaty,"3 12 2345-6139",97343
"Zea Wilber",6,46927061659,"google form",contactcenter_region1|remove_of_source23|limit26,"5 72 4648-7121",35928
"Elayne N. Rory",73,21621286141,"facebok Leads",source_dependant|contactondemand,"2 61 7059 9141",63562
"Lise Nurse",92,81116178674,manual-registration,rangeof_action|case1,"1 78 4313 3869",31653
"Maitilde E. Zaneta",86,28338213418,"google form",never_call19|case1|never_call,"+54 4 37 8148 7951",89580
"Hedwig Lewison",57,15237088659,manual-registration,treaty,"5-29 6702 4838",24765
"Rochell R. Irmgard",110,34335883859,"facebook leads",call_again28,"1 56 6946-75387",30179
Prudence,19,15702990769,"Email RESPONSE",most_interested28|actionpending1|contactcenter_region2,"9 45-6906 3642",65734
"Harriette V. Mersey",35,92768743909,"Google forms",on_consideration16|never_call|treaty,"5 67 6340 67849",96796
"Lilah B. Petronille",5,33289810268,"Email RESPONSE",case1,"7-22 1940 17962",95737
"Ericka F. Osher",84,7530536279217,"Email RESPONSE",contactcenter_region318|treaty|source_dependant,"+54 2 57 1476-5195",77578
Muriel,110,30755627584,"Facebook Leads",least_interested,"+54 3 23 8230 3566",97995
"Auroora M.",61,27434921368,"Google forms",source_dependant10,"8 55 8875 5684",84376
"Collie J. Ginevra",71,61539372187,"google Forms",actionable|contactondemand,"5 34 3974-97752",99054
"Adi Dieter",46,7120231593981,"google Forms",contactcenter_region2|treaty|actionable,"2-45 3947-5803",95277
"Maribel Thorn",35,75654676698,manual-registration,most_interested|possible_buyer,"9-50-9571 1833",89185
"Vernice Melda",51,21472545419,manual-registration,source_dependant|least_interested|contactondemand,"6 36 3029 6944",69182
"Rae H. Tletski",20,5744363134271,"google form",treaty|contactcenter_region229|any_applicant,"7 32 7825 2712",56238
"Sally Hecklau",63,82194829781,"google form",actionpending|special,"1 41 4434-5919",75070
" Wait",13,73063528607,"google Forms",actionable26,"+54 9 15 9965 3919",19552
" Sharp",72,12673618521,manual-registration,most_interested|source_dependant17,"1-24 4949 5528",90759
"Kelcy Shiverick",0,34949980451,"MANUAL REGistration",limit|apply_0_cases28|contactcenter_region4,"7-57 6431-8388",76464
"Marcia L. Emilio",0,63120361338,"Email response",contactondemand|rangeof_action|client_only,"1 88 8610 1325",91039
" Paxon",19,70021068043,"Manual registration",contactcenter_region4|rangeof_action21,"6 13 4225 7751",60455
"Desdemona Cohlier",103,71344979350,"google form",limit22|contactcenter_region417|techsource_29,"+54 4 77-2236-7634",85828
"Georgina Carisa",42,28964675492,"Email responce",never_call,"4 79 1245 3791",51106
"Reina N. Bergren",36,54172392288,"google Forms",on_consideration|least_interested8|least_interested,"+54 4-31 2493 60201",13228
"Dorree Garland",18,69157792664,"facebook leads",contactcenter_region411,"5 78 9093 86398",11490
"Sharla R. Hebbe",99,86161716994,"facebok Leads",actionable,"1 48 7861 7001",15823
"Phelia J. Hunter",90,32458099951,"google form",on_consideration|contactondemand20|case1,"8-96-6237 1740",97236
"Catarina Henryson",28,19208773782,manual-registration,contactcenter_region3|least_interested,"6 32-3213-7765",51187
,97,933751203484,"facebook leads",treaty,"+54 6 26-9731 5241",82693
"Juliet E. Janek",64,8217210276429,"facebook leads",techsource_2925|apply_0_cases,"5 24 1214-4401",50321
"Olenka D. Cates",0,12687613825,"Email RESPONSE",remove_of_source,"+54 5 28 8045 2044",13121
"Denise T. Baron",111,7567330177,"Manual registration",never_call|contactondemand,"7 38-7277 8600",37218
" B. Gayn",32,37542804163,"Google forms",most_interested10,"6-27 3759 5261",83418
"Sissie R. Audrye",7,59602812669,"google Forms",actionpending,"+54 9-73 1160 65204",53636
"Kyla B.",81,47635275747,"Google forms",special,"+54 9 87 5115 9496",54003
"Rodi Greenberg",55,84577489131,"facebok Leads",techsource_29|client_only,"9 35 4821-6047",12474
"Brittaney Poland",25,6022302394123,"Email response",apply_0_cases,"+54 3-86 2841 9772",56687
"Carmon Saffier",8,8726364758075,"Manual registration",techsource_29,"5 91 3653 5296",51280
"Jacki Nysa",71,14662947179,manual-registration,limit2|remove_of_source,"+54 8 34 2234-7169",71118
"Mair N.",4,24013945794,"MANUAL REGistration",least_interested5,"7 61 4255 5094",86269
Jania,120,77541589554,"Email RESPONSE",limit26|case129,"5 71 1718 7883",97236
"Doll Emmeline",51,45799903528,"google form",most_interested|never_call5|rangeof_action,"7 42 6212 4048",85221
"Mari C. Friedlander",27,8341517142014,"Manual registration",on_consideration|source_dependant,"+54 8 37 4363 8912",10461
"Rorie Guss",62,3977113323396,"google form",client_only|rangeof_action|special,"2-67-5664 6951",32230
"Norina E. Sherrard",69,55427713896,manual-registration,contactcenter_region220,"7 16 9753 4395",96164
"Fernande F. Vasileior",77,80003039900,"google form",limit23|limit|on_consideration,"3 77-7807 8018",16792
"Madeleine Alasteir",79,98343635960,"Email responce",actionpending|source_dependant,"+54 4 59 6481 4883",67701
"Geraldine Haldis",10,3786248743,"Google forms",least_interested21,"6 37 5617 4406",98855
"Modesta S. Shayn",112,41678981034,"facebok Leads",contactcenter_region2|most_interested29|call_again3,"4 28 4912 6111",29260
"Anna-Maria I. Charie",101,55893421515,"Facebook Leads",remove_of_source|least_interested3,"8 15 6376 9244",73977
"Aurora M. Haag",54,95436127906,"google form",contactcenter_region2|case1,"5-85 3840 9466",94303
"Margi Tenenbaum",83,5407379686566,"Email response",special|any_applicant|techsource_29,"1-56 7522-9305",36283
"Nalani B. Wiatt",0,68889460041,"Facebook Leads",remove_of_source5,"+54 2-31 1000 7479",12299
"Denise D. Danczyk",25,24975308839,"facebok Leads",on_consideration10|techsource_29,"+54 1-25 2170 1438",28457
"Marika Malloy",82,21995932501,"Email responce",actionpending15|possible_buyer,"+54 5 70 6530 9040",35068
"Blondy K. Burger",0,68889460041,"Facebook Leads",contactondemand7,"+54 2-31 1000 7479",39287
" E. Justinn",99,74691305283,"facebook leads",call_again14|call_again7,"2 38-2283 6830",27592
"Noni Quincey",39,51483668392,"Email responce",contactondemand|limit|actionable,"7 70 1025 5915",59224
"Maurine P. Mosera",31,34297564945,"facebok Leads",limit|contactcenter_region4,"7 32 5129 9042",30048
"Candi D.",84,43523315323,"Facebook Leads",contactondemand|case112,"8 84-8960-6985",70180
"Cymbre H. Sculley",79,6118973376377,"Facebook Leads",apply_0_cases,"+54 9-86 7410 3029",74752
"Terrie R.",58,50852333239,"Email response",limit|special|actionpending,"6-32 2064 6518",56686
" Scoles",148,31845305422,"Email RESPONSE",case1|case1|call_again,"+54 8 39 6945 7047",99908
"Wynnie I. Leor",48,57074728144,"Email response",contactcenter_region3|apply_0_cases18,"+54 7 54-4937-19186",10464
"Belia W. Chu",62,74308768099,"facebok Leads",call_again,"+54 8-73-3026 2460",86935
"Winnie Stortz",120,67432915602,"google form",contactcenter_region3,"4 80 1509 2743",12720
"Jessamyn Raddi",17,25417718557,"Manual registration",never_call,"5 75 6575 25981",80383
" Hines",91,71974967763,"Google forms",contactcenter_region3,"4 19 5585-91617",14478
"Darline Latouche",42,40280887884,"facebok Leads",on_consideration|on_consideration,"5 29-5755 6016",91587
"Britte O. Sebbie",93,89842317170,"Email responce",source_dependant|possible_buyer23,"5 15 8795 1072",80393
"Kassia R. Sand",93,89842317170,manual-registration,contactcenter_region210,"5 15 8795 1072",27790
"Megan Rilda",94,46759938563,"Email responce",any_applicant|rangeof_action26|limit,"+54 3 60 9239 9432",66315
"Oona T. Mllly",78,68014828886,manual-registration,form_ui344|contactcenter_region2,"+54 1 38 3437-4830",84827
Charlene,68,72313816342,"Google forms",client_only|limit15,"1 57 3257 3868",92676
Martie,107,31018521261,"Google forms",most_interested|any_applicant|any_applicant,"7 40-7365 7438",43422
" G. Kathy",42,27260992239,"facebook leads",actionable|least_interested,"5 77 8435-8944",79920
"Wynn Danby",24,94145584180,"MANUAL REGistration",treaty|least_interested,"3 86 6465-37773",55207
"Agatha N.",7,45568139318,"Google forms",apply_0_cases|treaty|contactcenter_region2,"3 90-9449-8539",52118
"Chelsie B. Katerine",62,4732775117859,"facebok Leads",client_only29|treaty10|client_only,"+54 1-34-7644 7377",37704
"Kelila W. Leanna",124,18678456448,"facebok Leads",contactcenter_region15|call_again12|special22,"1 59 3551 6520",10482
"Moll Dickinson",78,93927772801,"Email RESPONSE",apply_0_cases,"+54 7 78 7734 25118",75529
Mariette,10,11994940265,"facebook leads",form_ui344|any_applicant,"+54 6 60-3314 1810",60744
"Eden O. Lipcombe",31,65909190230,"facebok Leads",source_dependant,"5 14 4979 8419",93372
"Betty M. Veron",29,42390765823,manual-registration,on_consideration|least_interested8,"+54 4 75 3581 2646",49758
"Evangeline C. Golda",121,8144739256765,manual-registration,remove_of_source|contactcenter_region325|contactcenter_region415,"6-94-1939 6050",47509
"Lavina R. Bourne",32,78563457699,"google form",contactcenter_region1|actionpending|treaty26,"7-28 3800 5521",96555
" N. Narda",57,29842934925,"MANUAL REGistration",rangeof_action|client_only2,"3 78-4845 1707",73541
"Cherida Gerrie",124,64465416085,"google form",never_call,"4 86-9459 5412",64267
"Lynnell V. Anne-Corinne",13,21633608502,"Manual registration",contactcenter_region1,"+54 2-60 7762 9776",98117
"Merna Gavrila",1,37243158584,"facebok Leads",special|rangeof_action|actionable,"3 43-6172 4090",53503
"Norine Maggio",20,15799872451,"Manual registration",rangeof_action3|form_ui344,"+54 6 43 7186 37126",91432
" H. Reidar",40,92281799738,"Email RESPONSE",most_interested|most_interested|least_interested,"1 49 2175-2126",73542
"Papagena Jean",40,27060981940,"facebok Leads",apply_0_cases6|contactondemand|form_ui344,"+54 3 58 6667 1012",32624
"Felecia Deana",58,322911428,"Google forms",contactcenter_region2,"6 16 6664-62392",62298
"Cristi Beutner",94,93761528666,"facebok Leads",special|rangeof_action,"+54 4 11 6328 9704",83486
"Bobbi Maude",110,7876199547,"facebook leads",techsource_294,"2 56 2502-4745",42102
" H. Bazar",33,41551190177,"Email RESPONSE",any_applicant|never_call23,"6 75 8110 2583",61841
"Corina R. Lorilee",108,7935134347,"Google forms",rangeof_action|techsource_29,"9 45-8109 9739",61944
"Catherine Dib",50,30950035096,"MANUAL REGistration",contactcenter_region2|call_again5,"5 19 8824-42655",45995
"Gabie Kovacev",37,6646868629215,"google Forms",contactcenter_region3|source_dependant|limit29,"9-65 5873-9992",54313
"Cristin Peck",37,6646868629215,"facebook leads",source_dependant,"9-65 5873-9992",70390
"Charmine R. Thanasi",125,66842972673,"Email responce",client_only|call_again,"8 21-9509 9837",13684
"Arabele Shaum",37,6646868629215,"Email response",form_ui344,"9-65 5873-9992",12137
"Crystal Une",124,3251378648433,"Manual registration",any_applicant18|any_applicant,"6 14 8305-8811",82520
"Jacinthe Zebulon",53,2450048615,"Facebook Leads",special,"8 64 7100-4270",80919
"Barbara-Anne Mayfield",89,17852141046,"Manual registration",contactcenter_region1,"9 91-3008-6465",66503
"Halli Alithia",103,41232083113,manual-registration,client_only|case128|any_applicant,"+54 8 50 6256 1498",12269
"Maryjo V. Malcolm",83,99713268069,manual-registration,remove_of_source30|most_interested21,"+54 4-59 2408-6350",46042
"Arlana K. Cartie",69,21303098900,"facebook leads",least_interested27|actionpending,"+54 7 22 4949 52508",62976
"Carley Garnette",46,43126488748,"Email RESPONSE",most_interested|call_again,"9 76 6165 98327",13024
"Lora C.",39,77660331311,"Facebook Leads",contactcenter_region212,"+54 1 70 9569-8962",81484
"Fanya A. Johnny",84,15904640717,manual-registration,case1|source_dependant,"5 56 4115 7304",30492
"Edy Kappel",53,2450048615,"MANUAL REGistration",case1,"8 64 7100-4270",13851
"Marlie Menis",100,41277344763,"google Forms",client_only|remove_of_source,"+54 1 38 7439-38245",13268
"Polly Obara",77,71144995666,"google form",apply_0_cases,"6 94 6051 2881",82756
"Katrine Adal",35,82988346504,"Email responce",actionpending26|contactondemand,"+54 6 53 1179 4773",65632
"Kassey Roselba",112,63036517347,"google form",apply_0_cases,"1 89 6370 3869",32685
"Christel E. Valleau",114,8275664395834,manual-registration,most_interested|apply_0_cases|most_interested,"2 54 2218 3330",82182
Henrietta,64,28584889743,"google form",call_again|remove_of_source,"3 59 8801 8776",51391
"Sibel Casper",102,92085466867,"google form",case1|contactondemand,"2-55 8464-8153",99531
"Karyn N. Thorny",66,14387914132,"Email responce",call_again8|case115|limit13,"7 91 1336 9467",64636
"Betteanne Crenshaw",52,18176661674,"Email responce",on_consideration,"6 41 4242 3321",98223
"Sibella Dimitri",0,51771730051,"Facebook Leads",contactcenter_region1,"+54 2 32-6203 6947",52777
"Arielle R. Hescock",91,40314385344,manual-registration,on_consideration|contactcenter_region1|case1,"3 59-1259 1542",86758
"Sallie E. Kletter",71,32983695935,"facebok Leads",call_again|actionpending21|client_only9,"3 63 1156-27203",56285
" Ashwell",0,83345866502,"facebook leads",client_only|contactcenter_region1,"5-30 2764-3296",85655
"Brunhilda M. Gensler",53,2450048615,"Email RESPONSE",on_consideration|call_again,"8 64 7100-4270",39780
"Miquela N.",53,2450048615,"Manual registration",techsource_29,"8 64 7100-4270",64491
"Griselda E. Horbal",24,51258963349,"google form",contactcenter_region2,"8 75 7509-6263",83184
"Karel W. Salangi",65,22325888731,"facebok Leads",rangeof_action,"+54 9-21 4048-4224",79143
"Corliss Jillane",119,22457766478,"facebok Leads",contactondemand|contactcenter_region2|any_applicant,"+54 7-77 6536 7212",17501
"Vera Ida",48,95925766949,"facebok Leads",contactcenter_region319|remove_of_source|source_dependant,"+54 6 18 4804-8612",14829
"Minnie H. Lynne",60,5423507117,"Google forms",limit22,"6 87 5445 7302",94382
"Aryn P. Hoover",81,9989980031230,"Email RESPONSE",client_only21,"3 36 5903 3069",68792
" J. Osman",94,73291114294,"Google forms",contactcenter_region4|form_ui3447,"3 20 2911 2176",81386
"Koren Bow",0,43065651855,"facebook leads",source_dependant8,"1 45 3248 6411",63494
Andrei,69,16058460611,"google Forms",contactcenter_region3|apply_0_cases|client_only9,"7 92-1016 2037",32219
"Lisbeth W. Roxie",53,2450048615,"Email RESPONSE",contactcenter_region25,"8 64 7100-4270",65719
"Gillian Trillby",86,97001824524,manual-registration,contactcenter_region4,"2 69 6390 4985",13077
"Audrie C. Lipski",72,1785760576,"google form",form_ui344|rangeof_action5,"+54 4 32 4292 9357",26155
"Linnet M. Claman",121,54157063097,"facebok Leads",limit|remove_of_source|contactondemand,"8 62 8554 4324",85984
" G. Babcock",22,79139770211,"Facebook Leads",rangeof_action,"+54 7 22 6817 4092",87683
"Stormie R. Hyacinthe",18,61543446017,"google form",client_only|actionpending,"8 64-7955-7355",42322
" Phillips",88,17753809001,"Email response",on_consideration|treaty21,"2 12 6053 8283",50124
"Claresta Cox",99,28241596839,manual-registration,most_interested|techsource_29|contactcenter_region1,"5 57 7816 2833",62577
"Dyanne W. Lucas",64,54216233290,"Email responce",actionpending|apply_0_cases5|apply_0_cases,"+54 6 47 4186 4229",68206
"Laina S. Gannes",84,18428141920,"Email responce",contactcenter_region2|apply_0_cases,"5 11-3646-3057",97583
"Annabal G. Terryn",72,26772821099,"facebok Leads",limit|contactcenter_region2,"+54 8 15 9804 2609",83480
"Shellie Liuka",69,79810376162,"facebok Leads",contactcenter_region24|form_ui344,"9-62 9692 6456",94262
"Dale O. Donia",35,18045708270,"Manual registration",techsource_2925|form_ui344|contactcenter_region2,"+54 3 54 3048 87929",10076
Annnora,50,19383548447,"facebook leads",contactcenter_region4,"4 46 5727 3571",52379
"Anna-Diana A. Malcolm",72,26772821099,"Google forms",case1,"+54 8 15 9804 2609",75347
"Clareta Carolann",88,73592888934,"facebok Leads",call_again|call_again|contactcenter_region3,"7 92 3212-1222",25767
"Rubie C. Kroll",30,3947944389215,"Email response",treaty|treaty|special3,"1 14 5261 4417",95178
"Anne-Corinne R. Sarena",40,47624668013,"Email response",call_again,"+54 1 59 7829 1230",35864
"Katharyn L. Shantee",102,97342340435,manual-registration,least_interested|remove_of_source,"1 41-8043 4038",26689
"Cathrine Costanza",31,30022333274,"facebok Leads",contactcenter_region31|remove_of_source|source_dependant,"1 90 8705 1137",88408
" T. Smalley",20,23643779181,"Facebook Leads",actionpending|limit|least_interested,"+54 8 74 8149 9542",96909
"Esther G. Melly",111,93446768123,manual-registration,least_interested,"+54 7 73 8541 7306",82171
"Robbyn Demetris",54,30761470029,manual-registration,contactcenter_region426,"7 21-8401-6310",32749
"Kacey Diana",0,40392994208,"Manual registration",apply_0_cases|actionable|limit18,"5 88 6968 9353",63565
"Ruthy Aguie",122,41091292655,"Email responce",least_interested,"9 80-8626 5929",47140
"Millicent Deeanne",119,71452106248,"Email responce",remove_of_source16|contactcenter_region1,"2 88 1350 3353",89950
"Ellynn M. Odyssey",16,26812776382,"Google forms",remove_of_source3,"+54 3 89 7101 87184",70219
"Debor H. Borreri",12,41722613809,"google form",on_consideration|actionpending25|call_again,"7 61 1676-1705",85243
"Berthe J.",39,85686015701,"Manual registration",techsource_29,"+54 3 54 1634 4002",93539
"Timi Cohette",45,71514462420,"google form",actionpending|limit,"2 24-7075 8359",58409
"Doe M. Homerus",0,68638773249,"Facebook Leads",form_ui344,"5-51-7331 5533",65660
"Eba Ardell",60,95299794750,"Email responce",contactondemand,"4-24 7481-8066",88226
" Elurd",119,71452106248,"Manual registration",remove_of_source9|contactondemand|on_consideration,"2 88 1350 3353",74704
" Orson",57,86628447663,"Email response",treaty24|limit|treaty,"+54 7 25 2286 9869",41677
" Kerrison",28,42152344126,"facebok Leads",special25|never_call,"+54 2-21 6389 6760",17840
"Bambie TEirtza",83,83363973289,"facebok Leads",possible_buyer1,"3 55-7036 6151",40159
Cleopatra,109,89181178923,"Manual registration",special,"3 71 8396 6446",34551
"Lethia Hardie",13,89558677442,manual-registration,actionpending,"8 64-8197 5001",24270
"Maryellen Cletus",94,7786922706912,"google Forms",least_interested|techsource_2910,"4 15 2108 7696",38645
"Emilee S. Lymann",103,13766988332,"facebok Leads",possible_buyer25|techsource_29,"2 75-7080 3436",31852
"Francene Tad",100,72757035800,"facebok Leads",contactondemand,"2 73 3174 6836",10689
"Ericha Noell",109,64188599034,"Email responce",client_only,"9-91 5962 4082",75073
"Jana P. Tracy",34,7555545569,"Google forms",treaty20,"8 88 7003-6256",56147
"Natalina Stockwell",13,90277613554,"Email responce",form_ui344|on_consideration,"+54 1 14 1716 1850",48886
" F. Bogoch",1,28370336382,"MANUAL REGistration",client_only|rangeof_action,"3 23-5686 5241",70910
"Kippie Karl",64,17230180635,manual-registration,source_dependant|limit19|on_consideration3,"3 12-9764 3865",82454
Moyra,0,80599733366,"MANUAL REGistration",any_applicant11,"2 78 9341 9616",43883
"Alfy G. Prima",34,53120941646,"facebook leads",most_interested|source_dependant|limit4,"+54 4 78 7932 13611",55746
"Odette Nesline",102,30219388272,"facebok Leads",contactcenter_region2|remove_of_source|limit27,"7 79 2690 99846",79441
"Hedy Fronia",23,98732804233,"Manual registration",client_only,"7-57-2835 55881",36339
"Margie R. Alene",93,8142840632,"Facebook Leads",client_only,"2 18 5899 7714",14882
"Gretna B. Khalid",102,51607550180,"google form",actionable,"+54 3-12 5900 9975",21050
"Belle L. Hamid",109,980385321716,"facebook leads",never_call22|contactcenter_region39,"+54 1-88 9963-6451",62382
"Arluene Korry",25,27871451077,manual-registration,contactcenter_region416,"6 79 3358 8919",27627
"Emelda Zirkle",104,4480020073084,"google Forms",contactcenter_region4,"+54 4 15 8193 4194",20313
"Blakelee Girard",93,9677632322,"google form",never_call|call_again,"+54 3 37 4714 4224",75023
"Cherey J.",114,24779623721,"google Forms",any_applicant18|call_again17,"5-52 9956 9347",74785
" Lilac",55,83230597751,"MANUAL REGistration",contactcenter_region417|contactcenter_region4|apply_0_cases,"8 33 1175 1588",67021
"Dione H. Mushro",33,86182823201,"facebok Leads",treaty|case1,"3 57 6030-6781",73101
"Karil W. Hermine",40,397793382,"Manual registration",apply_0_cases,"5 87 7672 4314",64917
"Clare M. Osei",29,18992427044,"facebok Leads",rangeof_action|any_applicant|most_interested,"+54 1 74-1168-5322",86772
"Candy Holleran",24,92403011935,"Email responce",form_ui34420|form_ui344|least_interested5,"2-41 2189 8910",52442
"Odelinda Millhon",94,49296465076,"Email responce",any_applicant|form_ui344,"+54 8 10 7569 2614",90992
"Ailene Gustavus",116,46849191153,"google form",call_again|client_only,"1 96 9202 6397",40525
"Anne-Marie Drais",87,86568855369,"Facebook Leads",techsource_2914|special4|contactondemand13,"9 60 6767 7384",34303
"Irena Killam",45,375456402,"Manual registration",source_dependant27|contactcenter_region3,"2 62-5761 8358",77605
"Wendye B.",47,94348918544,"Google forms",contactcenter_region3,"6 38 8098-5777",62813
"Janeen Anis",10,29557258088,"Email response",limit|rangeof_action21,"2 76-2569 63756",96301
"Dorolisa F. Ottillia",148,26124197589,"Email RESPONSE",apply_0_cases,"9 38 2392 6467",28742
" Vastah",102,32740885425,"google Forms",source_dependant|least_interested22|special,"+54 1 22 9584-6822",91559
"Van Eddra",11,1650483650,"facebok Leads",contactcenter_region1|apply_0_cases|actionable,"8-63 4447 4229",91377
"Netty D. Goldia",49,4933331929,"google Forms",actionable22,"1 11 3349 2660",57197
Jordan,104,12136334330,"Email response",treaty|on_consideration,"2 15 4821-1021",76939
"Nanete Takeshi",112,8722580685464,"facebok Leads",limit|never_call,"3 29 7893 9042",48821
" M. Twitt",120,75663179553,"Facebook Leads",rangeof_action21|limit,"7-95 2418 3844",42163
"Joan P. Timmie",35,5668293319041,"Facebook Leads",rangeof_action|special26,"8 48 2526-5068",12450
"Francesca A. Root",5,55231144227,"MANUAL REGistration",contactcenter_region3|possible_buyer11,"+54 2 83-3329 54482",84351
Teodora,89,21119771696,"Email response",form_ui3443,"+54 5 29 8676 6700",78521
"Cari Salomo",123,24715271325,"Email responce",any_applicant7,"+54 6 94 2809 5751",76562
"Reeta Colet",68,77172890526,"google form",contactcenter_region19|apply_0_cases|techsource_29,"2-89 6755 8485",10225
"Laina M. Goodrich",107,3157987749318,"google form",never_call|treaty|limit,"6 95 1903 7365",19463
"Mollie Ifill",29,32853591934,"MANUAL REGistration",techsource_29|possible_buyer6|possible_buyer24,"+54 3 50 8587 79767",74903
"Katti Romine",48,73268182012,"facebok Leads",source_dependant11,"7 85-6803 5861",62299
"Debee Idaline",132,87726322817,"MANUAL REGistration",case1|call_again17|special15,"4 35 5374 2797",19736
" Kimmel",46,74650092998,"MANUAL REGistration",rangeof_action25|most_interested,"7-89 8972 6570",27157
"Dian Knight",4,99866274809,"google form",techsource_29|form_ui344,"4 44 4173 8538",63991
"Paulette Lyford",8,99476222383,"google form",rangeof_action,"2-76 8352 4318",11167
"Zonnya M. Stephenson",114,46417501023,"Email responce",apply_0_cases|source_dependant27|contactcenter_region3,"8 67 6911-8312",47011
"Jessy Dun",3,828281924360,"MANUAL REGistration",special2|special30|case1,"1 83-5228 1172",79610
"Gert Newcomer",111,98255239043,"Email responce",contactcenter_region4,"+54 5-42-9971 2808",32682
"Dolorita Krucik",123,2077465349,"MANUAL REGistration",rangeof_action,"2 72 7688 6799",83070
"Ferdinande Eiger",33,76345478684,"google form",possible_buyer4|on_consideration|source_dependant,"5 31 7901 4691",38416
"Ardelle Lorilyn",76,6721910890580,"Manual registration",limit10|case1,"7-31 1709 9418",38491
"Lori Bertilla",1,5662168617,"Facebook Leads",source_dependant|actionpending|client_only,"3-41 7961 5356",37467
"Penelope H. Licha",43,9337658574239,"Facebook Leads",contactcenter_region1|actionable,"7 19 6576 6748",49484
"Halimeda M. Lib",19,9348018823123,"MANUAL REGistration",apply_0_cases,"+54 2 34 5458 9554",91456
"Fae Ramsay",31,22493593616,"facebok Leads",any_applicant|least_interested,"8 59 8163 6926",23153
"Yettie Zhang",86,3342812343,"google Forms",never_call,"+54 9 95 2386 9963",54729
"Enid Yahiya",18,13310300455,manual-registration,possible_buyer,"3 19 2533-4317",84963
" K. Ailbert",90,68880837052,"Facebook Leads",never_call27|special|rangeof_action,"8-94 1159 7616",56829
Ebonee,69,39008887230,manual-registration,contactcenter_region220,"1 54 8845 80324",25095
"Genvieve Jilly",114,66222108481,manual-registration,techsource_29|contactcenter_region4|apply_0_cases,"+54 2 55 4700 6045",65343
"Rycca Imojean",78,51948000253,"Facebook Leads",contactcenter_region4,"+54 5-33 6833 63752",90670
"Kara-Lynn I. Lauri",3,44201211604,"Google forms",possible_buyer,"1-76 9973 1417",67631
"Idell M.",44,28321802358,"MANUAL REGistration",contactcenter_region3|contactondemand|possible_buyer13,"+54 1 70 8662-1152",93549
" Kerwon",21,51537269517,"Facebook Leads",least_interested|contactondemand30|contactondemand,"+54 2 99 6829 6602",91796
"Cate Kernan",36,63687225658,"google form",actionpending,"7 44 6925 7076",55620
"Clareta Krakow",121,85555474797,"Email responce",call_again8|possible_buyer,"4 87 4225-8021",51172
"Estrella C. Jacinthe",2,8635383458,"Email response",any_applicant20|actionable,"5 48 9818 50196",88475
" Mignon",54,76636135431,"facebook leads",source_dependant,"4 10-8922 18966",72397
"Gwynne Schecter",54,76636135431,"google Forms",most_interested,"4 10-8922 18966",73878
"Yolanda Ballman",100,29927468660,"facebok Leads",least_interested|client_only,"3 89-8846 6671",51681
"Sarene Kneeland",7,825126028,"Google forms",actionpending,"7 90 8935-6915",60317
"Vinita I.",54,76636135431,"facebok Leads",form_ui34415|contactcenter_region1|contactcenter_region2,"4 10-8922 18966",94552
"Calypso Diena",50,20063834913,"Google forms",contactcenter_region2,"+54 3 67-7430 80037",25067
" B. Wiedmann",89,25453054342,"facebook leads",source_dependant17,"5 87 7800 4313",76041
"Emmye B. Malory",92,97918051666,"facebok Leads",form_ui34418|treaty,"7 39-7111 6001",88337
"Joyan F. Dannon",13,88914258206,"Facebook Leads",call_again|least_interested,"+54 2 33 5265 14183",16277
"Christa A. Ober",13,98313715644,manual-registration,apply_0_cases|client_only|apply_0_cases,"4 23 3169 1118",88683
"Cal L. Donella",13,88914258206,"facebook leads",actionable18|least_interested26|contactcenter_region4,"+54 2 33 5265 14183",61220
"Sydney Krock",82,53876886950,"google form",actionable|contactcenter_region1|contactcenter_region3,"1-67 3633 1050",70251
"Thekla Gorges",87,99422000523,manual-registration,limit,7-68-4336-4481,96268
"Carmel R. Pickford",21,79804995698,manual-registration,source_dependant|least_interested|contactcenter_region1,"1 12-5709 1934",36039
"Salome M. Umont",122,31032273074,"facebok Leads",case16|limit|form_ui344,"3-40 3523 2822",74653
"Rosalie C. O'Carroll",29,37858408080,"Manual registration",special,"5 56-3513-1134",52723
" U. Lalitta",50,26581072110,"Facebook Leads",limit|least_interested14|form_ui344,"+54 9 60 2814 5097",52083
"Kaylyn S. Champagne",40,59233093723,manual-registration,remove_of_source|actionable10|limit,"1 74 4629-6425",37601
"Martha E.",41,62381271403,"Email RESPONSE",contactcenter_region3|most_interested|actionable,"+54 3 63 5827 1301",93423
"Robenia Merriam",68,5933179675289,"Email response",contactcenter_region1|source_dependant|actionpending,4-17-4091-7250,31121
"Oona Stout",99,74355346849,"Email response",treaty|contactcenter_region3|any_applicant,"8 95 8190 93909",11395
"Corrina Normand",97,2456569176120,"Google forms",contactcenter_region221|most_interested2,"+54 7-60-3933 3291",11422
"Krissy Emalee",80,9790485953741,"Google forms",case1|actionable|client_only,"+54 3 34 7280-8827",98776
" Lodovico",27,73119353237,"google Forms",contactondemand|least_interested,"+54 1 11 8201 3461",93423
"Fredelia T. Joete",13,88914258206,"Email response",call_again6|contactondemand|contactondemand,"+54 2 33 5265 14183",46388
"Korrie Hegarty",36,32585223739,"facebok Leads",limit,"5 31-1131 2030",45943
"Lizzy B. Udella",50,14159877321,"facebok Leads",form_ui344|any_applicant4,"3-56 6808 4031",37246
"Sandy Dustan",104,90484812735,"Google forms",actionable4|rangeof_action13|actionpending,"5 67 9795 99426",77076
"Myrlene Heilner",107,7009066039631,"MANUAL REGistration",actionpending,"+54 7 94 1779 3913",31857
"Gerri Philip",13,88914258206,"MANUAL REGistration",contactcenter_region3,"+54 2 33 5265 14183",19114
Sonnie,65,16193696144,"Email response",any_applicant,"4-20 9946 59977",99437
" D. Yuria",27,13563114315,"Email response",source_dependant|any_applicant,"+54 9 23-4434 5382",95052
"Anstice D. Janetta",105,3158519770,"Email RESPONSE",contactcenter_region4,"8 99 8425 4535",86866
" G. Shanahan",46,52302541355,"facebook leads",techsource_29|special|actionable,"8 72-3192 3916",14015
"Cate Fogel",55,66771241354,"facebok Leads",case1,"1 19 2574 1404",47215
"Keeley Rocher",75,6865605077,"Email RESPONSE",source_dependant|actionpending,"3 64 6071 3467",68734
"Kania C. Macomber",13,88914258206,"Google forms",never_call|rangeof_action,"+54 2 33 5265 14183",26987
"Anna-Maria Coulson",116,48000898205,"Email response",possible_buyer|limit16|call_again,"+54 3 10 3140 6852",17855
"Annissa Tillfourd",77,85433024352,"facebok Leads",rangeof_action,"3 17 9476 9008",87830
"Deedee Martsen",86,97235221827,"facebok Leads",contactcenter_region3,"8-80 6140 7757",52416
"Debor Azaleah",85,9065887368,"Email response",any_applicant15|limit,"4 43 4569 5566",81074
"Grier Asteria",56,90189576087,"Email responce",actionpending7,"8 37 2157 2159",92098
"Yoko Adala",87,77984013388,"facebok Leads",contactcenter_region1|contactcenter_region124,"7-57 3419 7972",30901
"Viki A. Emanuela",96,15218133397,"Email RESPONSE",contactcenter_region3,"1 48 8819-10955",63265
"Pia S. Doane",23,68996314784,"google form",treaty|contactcenter_region2,"2 56 5906 7259",88407
"Sarena Bullough",108,61738381622,"facebok Leads",any_applicant|any_applicant|remove_of_source23,"6 24 3296 1098",12244
Gabriel,97,40868411694,"Manual registration",any_applicant,"+54 6 91 5062 7088",29031
"Engracia Jeni",38,2655644547908,"Email response",special|contactcenter_region4,"2 67 3741 9106",74081
"Shirline A. Zeba",36,1725011982897,"Facebook Leads",call_again12,"9 62 4219 1044",45596
"Wrennie G. Swec",87,40524438937,"google form",most_interested|source_dependant,"+54 9-41 1117 3739",28166
"Darbie Hourigan",14,84459547179,"Email responce",apply_0_cases,"+54 2-51 8617 2796",85569
"Faustine T. Conlee",26,73935308305,"Facebook Leads",actionpending,"1 77 2053 57802",47205
Jilly,103,62723629720,"Facebook Leads",client_only30|on_consideration|on_consideration,"+54 8 79 9139 4996",32085
"Juliet Ogilvy",50,86829147361,"facebok Leads",most_interested,"3 83-8624 1446",68060
Editha,106,1008521066728,"facebook leads",apply_0_cases|most_interested,"8 28 9530-7628",65907
"Nicholle B. Grey",3,6512506985320,"MANUAL REGistration",on_consideration20|actionpending|techsource_2927,"9 43 8552-1968",50280
"Zara A. Ambrosia",84,54093137748,"facebok Leads",never_call|form_ui344|actionpending,"3 96 9301 1269",20696
"Serene Ola",90,3950250841777,"Facebook Leads",apply_0_cases|any_applicant,"9 12 6782-5702",65736
Guinevere,92,72234454129,"facebook leads",special13|apply_0_cases|case1,"2 16 8722-4992",56272
Gennie,93,49883589668,"facebok Leads",source_dependant4|apply_0_cases|any_applicant,"1 79 2940-6396",85927
Jena,35,36154614996,"Manual registration",client_only|form_ui344,"8 81 2014 4559",16958
"Mahala Steffy",81,16848452087,"facebok Leads",actionable|contactcenter_region111,"2 17 7227 6443",53017
"Yvette Kandy",22,67360337527,"facebook leads",most_interested10|possible_buyer30|least_interested,"+54 1 66 5563-79687",15705
"Jsandye Saeger",0,82744152134,"facebook leads",techsource_29,"4 98-6346 9797",55264
"Elset Masera",12,4095533783358,"Email RESPONSE",contactcenter_region1,"8 64 2628 1199",98992
"Johnette Rezzani",102,6935346620511,"Facebook Leads",any_applicant,"3-67 2588 9830",79669
"Dasi C. Fu",103,66988513396,"google form",client_only|treaty14,"1 52 5356-7553",77850
"Bonnee C. Anet",63,52479025054,"Facebook Leads",on_consideration,"7 32 1476 97949",20748
"Vinni Elbertine",44,12446346137,"google form",any_applicant23,"2 22 1891-6738",46697
"Kyrstin Glovsky",127,67249749154,"google Forms",contactcenter_region4,"+54 2 14 9278 2194",97354
"Emelyne Ofilia",75,49129392038,"Email RESPONSE",source_dependant|never_call,"5 23 5258 18194",23052
"Aeriell T. Dulcle",33,94658840078,"facebok Leads",techsource_29,"8 10 5706 9756",70824
"Reina K. Davena",89,43915919412,"Email response",client_only,"6-24 1956 63508",37654
"Laurel Harris",14,32646283784,manual-registration,actionpending|treaty19|least_interested,"1 93 3371 8891",59136
"Colleen Pavkovic",79,14114658998,"Email response",contactcenter_region1|contactcenter_region22|treaty,"2-99-3168 91822",55630
"Dede Staford",52,45729646182,"google form",special,"5 72-4391 8777",76410
"Carena Yovonnda",85,792503954,"facebook leads",contactcenter_region1|apply_0_cases|possible_buyer,"+54 6 58 8110-8864",33872
"Torie Galatia",102,15233360364,"facebok Leads",actionpending21,"+54 1 59 8492-3396",42224
" Veronika",88,72492572446,"facebook leads",never_call|limit23|contactcenter_region49,"1 52 4625 6024",25036
"Sofie Ratcliff",89,42923244455,"Email RESPONSE",call_again11|contactcenter_region2,"9 53-5781 70967",61512
"Ursulina Jaime ",39,69861589545,"Email responce",actionpending|contactondemand|special,"5-99 2554 6375",55668
"Esta Vadnee",84,3034056631108,"google Forms",on_consideration|form_ui344|contactcenter_region3,"+54 7 68-9806-6637",85966
"Kalina F. Dorn",33,94658840078,"google form",never_call|any_applicant|source_dependant,"8 10 5706 9756",67844
"Elora Sebbie",96,90576502461,"google form",contactondemand|contactcenter_region2|form_ui344,"2 95 9498 7369",20277
"Corry Bergerac",101,11451368436,manual-registration,on_consideration|client_only3,"+54 7 77 3837 3612",95583
"Anneliese B. Lisabeth",49,40814083515,"Manual registration",least_interested8,"1 71 2478 83791",46050
"Annalise C. Ches",20,87188661934,"Email responce",actionable|contactcenter_region3,"+54 8 52 7248 7489",40628
"Vanya C. Stephanie",120,47999017010,manual-registration,never_call|limit,"+54 3 42 9487 5708",80556
"Odele V. Rosabel",0,56272557185,"Facebook Leads",rangeof_action14|remove_of_source,"+54 8 16 5314 7605",44776
" Oca",123,26724305989,"MANUAL REGistration",contactcenter_region1,"8 31 8890 7425",96802
"Mira Levinson",124,4597583413218,"Facebook Leads",most_interested|least_interested|never_call15,"+54 3-99 6184 2535",75607
"Yetty Liederman",6,90061706062,"facebok Leads",client_only|on_consideration,"+54 9 32 6652 8814",68016
"Stormy P. Bandeen",76,4353632684,"Google forms",source_dependant|client_only|rangeof_action,"+54 3-16 2710 6798",73662
"Maridel Mulvihill",67,40092191786,"google form",contactcenter_region31|special|case1,"+54 4 23 4978-3601",27071
"Mireielle Cesare",121,56406840139,"Facebook Leads",contactcenter_region2,"4 30 1255 21052",68175
"Neille Uni",95,5462483611,"facebook leads",remove_of_source,"2 93 9621 6175",89358
"Aloysia C. O'Callaghan",19,41062641672,"MANUAL REGistration",rangeof_action|call_again18|contactcenter_region3,"7 93 1245 7382",81220
"Shellie Thorne",35,91270917825,"Email responce",contactcenter_region310|actionpending,"2 42 7793 5445",46050
"Margarethe Radley",103,56641104778,"facebok Leads",special|special21,"+54 1 29 5658 9877",37477
"Flor R. Shreve",95,5462483611,"Email response",actionable,"2 93 9621 6175",80484
"Riva E. Philcox",95,5462483611,"Email RESPONSE",contactondemand,"2 93 9621 6175",53913
"Genovera H. Brown",119,71966082211,"facebok Leads",contactondemand,"1 64 6915 1348",57777
Clarette,33,67938850604,"MANUAL REGistration",techsource_29|limit|on_consideration,"2 69 4165 4969",78754
"Bunnie Bonni",75,554027833801,"Email responce",contactcenter_region3,"1-26 9096 5479",52781
"Darlleen Vahe",119,71966082211,"google form",actionable|contactondemand9,"1 64 6915 1348",45503
"Babbette L. Corell",13,5419990590665,"Email RESPONSE",source_dependant,"9-90 5503-3716",79201
"Mercy Shapiro",80,9639090103688,"Manual registration",actionable6,"6 81 4141 6711",63371
